1,1775804717,nginx:1.25-alpine,137,
2,1775805022,nginx:1.24-alpine,158,
3,1775805333,nginx:1.24-alpine,158,
4,1775805636,nginx:1.24-alpine,158,
5,1775805940,nginx:1.23-alpine,212,
6,1775806244,nginx:1.23-alpine,212,
7,1775806547,nginx:1.23-alpine,212,
8,1775806851,busybox:1.35-glibc,6,
9,1775807157,busybox:1.35-glibc,6,
10,1775807459,busybox:1.35-glibc,6,
11,1775807761,alpine:3.18,10,
12,1775808068,alpine:3.18,10,
13,1775808370,alpine:3.18,10,
14,1775808672,nginx:1.25-alpine,137,
15,1775808976,nginx:1.25-alpine,137,
16,1775809336,nginx:1.25-alpine,137,
17,1775809640,nginx:1.24-alpine,158,
18,1775809945,nginx:1.24-alpine,158,
19,1775810249,nginx:1.24-alpine,158,
20,1775810553,nginx:1.23-alpine,212,
21,1775810857,nginx:1.23-alpine,212,
22,1775811161,nginx:1.23-alpine,212,
23,1775811465,busybox:1.35-glibc,6,
24,1775811767,busybox:1.35-glibc,6,
25,1775812069,busybox:1.35-glibc,6,
26,1775812371,alpine:3.18,10,
27,1775812674,alpine:3.18,10,
28,1775812976,alpine:3.18,10,
29,1775813279,alpine:3.18,10,
30,1775813581,alpine:3.18,10,
31,1775813883,alpine:3.18,10,
32,1775814186,alpine:3.18,10,
33,1775814488,alpine:3.18,10,
34,1775814791,alpine:3.18,10,
35,1775815093,alpine:3.18,10,
36,1775815396,alpine:3.18,10,
37,1775815698,alpine:3.18,10,
38,1775816001,alpine:3.18,10,
39,1775816303,alpine:3.18,10,
40,1775816606,alpine:3.18,10,
41,1775816909,alpine:3.18,10,
42,1775817211,alpine:3.18,10,
43,1775817513,alpine:3.18,10,
44,1775817816,alpine:3.18,10,
45,1775818119,alpine:3.18,10,
46,1775818421,alpine:3.18,10,
47,1775818723,alpine:3.18,10,
48,1775819026,alpine:3.18,10,
49,1775819329,alpine:3.18,10,
50,1775819632,alpine:3.18,10,
51,1775819935,alpine:3.18,10,
52,1775820239,alpine:3.18,10,
53,1775820541,alpine:3.18,10,
